,name,caption
0,0001.jpg,????? ???????? ? ????? ????? ?? ?????? ??????? ? ??????????? ?? ???????? ???????? ????
1,0021.png,????? ???????? ? ??????? ? ?????? ???????? ?? ????????? ???????? ???????? ????
2,002.png,????? ????? ???????? ? ????? ??????? ? ?????? ??????? ?? ????? ???? ? ????????? ? ???????
3,0004.png,????? ????-?????? ????????? ???????? ? ????? ?????? ?? ????? ? ????? ????
4,0005.png,????? ????-?????? ????????? ????? ???????? ? ????? ??????? ?? ????? ? ?????????? ?? ???????? ????
5,005.png,????? ????-?????? ????????? ???????? ? ????? ??????? ?? ???? ????????? ??????? ???
6,0071.png,????? ????? ???????? ? ?????? ????????? ????????? ?? ????? ??????? ????
7,0171.png,???????? ????????? ???????? ? ???????????? ?????? ?? ?????????? ??????? ???????? ????
8,044.png,???????? ? ???????????? ?????? ? ????????? ???????? ?? ????? ???????? ????
9,0049.png,????? ???????? ?? ?????????? ???????? ????
10,0621.png,????? ????? ???????? ? ?????????? ???????? ? ?????? ???????? ?? ???? ????????? ????? ? ????????? ???????
11,103.png,????? ???????? ? ??????? ????? ? ?????? ????? ? ????????? ?????? ?? ???? ?????????? ???????? ? ??????? ??????
12,1261.png,????? ???????? ? ??????? ? ??????? ???????? ?? ????????? ????
13,1321.png,???????? ????????? ???????? ? ???????????? ?????? ?? ?????????? ??????? ???????? ????
14,0174.png,????? ???????? ? ????????? ??????? ? ?????????? ?????? ? ?????? ????? ?? ????????? ???????-???????? ????
